﻿Designator,Footprint,Quantity,Value,LCSC Part #
5V,BarrelJack_Horizontal,1,5v,
9V,BarrelJack_Horizontal,1,7-9v,
"C1, C3",0603,2,10uF,
C2,0603,1,0.1uF,
C4,0603,1,1uf,
C5,0603,1,0.1,
EXPANDER,QFN-28-1EP_6x6mm_P0.65mm_EP4.25x4.25mm,1,MCP23017_ML,
F1,0603,1,Fuse,
"LD1, LD10, LD11, LD12, LD13, LD14, LD15, LD16, LD17, LD18, LD19, LD2, LD20, LD21, LD22, LD23, LD24, LD25, LD26, LD27, LD28, LD29, LD3, LD30, LD31, LD32, LD33, LD34, LD35, LD36, LD37, LD38, LD39, LD4, LD40, LD41, LD42, LD43, LD44, LD45, LD46, LD47, LD48, LD49, LD5, LD50, LD6, LD7, LD8, LD9",laser 6.0 perf,50,D_Laser_1A3C,
PRINTER,JST_XH_B5B-XH-A_1x05_P2.50mm_Vertical,1,Printer,
"Q1, Q10, Q11, Q12, Q13, Q14, Q15, Q16, Q17, Q18, Q19, Q2, Q20, Q21, Q22, Q23, Q24, Q25, Q26, Q27, Q28, Q29, Q3, Q30, Q31, Q32, Q33, Q34, Q35, Q36, Q37, Q38, Q39, Q4, Q40, Q41, Q42, Q43, Q44, Q45, Q46, Q47, Q48, Q49, Q5, Q50, Q6, Q7, Q8, Q9",SOT-23,50,IRLML6401,
"R1, R101, R103, R11, R13, R15, R17, R19, R21, R23, R25, R27, R29, R31, R33, R35, R37, R39, R41, R43, R45, R47, R49, R5, R51, R53, R55, R57, R59, R61, R63, R65, R67, R69, R7, R71, R73, R75, R77, R79, R81, R83, R85, R87, R89, R9, R91, R93, R95, R97, R99",0603,51,10k,
"R10, R100, R102, R12, R14, R16, R18, R20, R22, R24, R26, R28, R30, R32, R34, R36, R38, R4, R40, R42, R44, R46, R48, R50, R52, R54, R56, R58, R6, R60, R62, R64, R66, R68, R70, R72, R74, R76, R78, R8, R80, R82, R84, R86, R88, R90, R92, R94, R96, R98",0603,50,220,
"R2, R3",0603,2,2.2k,
SERIAL COM,JST_XH_B3B-XH-A_1x03_P2.50mm_Vertical,1,Serial Com,
TEENSY,Teensy41,1,Teensy4.1,
